<?xml version="1.0"?>
<copying>
  <authors>
    <author href="http://www.soest.hawaii.edu/pwessel/">
      <name>Paul Wessel</name>
      <org>SOEST</org>
    </author>
    <author href="http://www.star.nesdis.noaa.gov/star/Smith_WHF.php">
      <name>Walter Smith</name>
      <org>NOAA</org>
    </author>
    <author>
      <name>Andreas Trawoeger</name>
    </author>
  </authors>
  <license>
    <informal>GPLv2</informal>
    <year>2004, 2010</year>
    <text href="http://www.gnu.org/licenses/gpl-2.0.html"/>
  </license>
  <src>
    <format>GMT cpt</format>
    <link href="http://gmt.soest.hawaii.edu/gmt/gmt_download.html">GMT
      downloads</link>
    <remark>Files included in the GMT distribution</remark>
  </src>
  <distribute>
    <qgis distribute="yes" license="gplv2"/>
  </distribute>
</copying>
