<?xml version="1.0"?>
<copying>
  <authors>
    <author href="http://redskiesatnight.com/">
      <name>Eric R. Jeschke</name>
    </author>
  </authors>
  <license>
    <informal>Not specified</informal>
    <year>2003</year>
    <text>
      Not specified
    </text>
  </license>
  <src>
    <format>png image</format>
    <link href="http://gimpguru.org/Tutorials/SampleToning/">Gimp Guru</link>
    <remark>
      Permission to add gradients to the archive received
      in email from Eric on Sun, 18 Apr 2004
    </remark>
  </src>
  <distribute>
    <qgis distribute="no" license="none"/>
  </distribute>
</copying>
