<?xml version="1.0"?>
<copying>
  <authors>
    <author>
      <name>Unknown wikipedia contributor</name>
    </author>
  </authors>
  <license>
    <informal>Creative commons attribution share-alike 3.0 unported</informal>
    <year>2011</year>
    <text href="http://creativecommons.org/licenses/by-sa/3.0/deed.fr"/>
  </license>
  <src>
    <format>HTML table</format>
    <link href="http://en.wikipedia.org/wiki/Chi-square_distribution">Wikipedia chi-squared article</link>
  </src>
  <distribute>
    <qgis distribute="yes" license="cc3"/>
  </distribute>
</copying>
