<?xml version="1.0"?>
<copying>
  <authors>
    <author href="http://soliton.vm.bytemark.co.uk/pub/jjg/">
      <name>J.J. Green</name>
    </author>
  </authors>
  <license>
    <informal>Free to use</informal>
    <year>2010</year>
  </license>
  <src>
    <format>GMT colour palette (cpt)</format>
    <link href="http://dgowers.livejournal.com/">David 
      Gowers' LiveJournal</link>
    <link href="http://aicaz.deviantart.com/gallery">Aicas' 
      DeviantArt page</link>
    <remark>
      Dervived from the gradients by Neota
      (aka David Gowers, Aicaz)
    </remark>
  </src>
  <distribute>
    <qgis distribute="no" license="freeuse"/>
  </distribute>
</copying>
