<?xml version="1.0" encoding="UTF-8"?>
<!-- $Id: COPYING.xml,v 1.3 2012/08/15 15:40:24 jjg Exp $ -->
<copying>
  <authors>
    <author href="http://www.ramonmiranda.com/">
      <name>Ramón Miranda</name>
    </author>
  </authors>
  <license>
    <informal>Creative Commons 3.0 BY-SA</informal>
    <year>2012</year>
    <text href="http://creativecommons.org/licenses/by-sa/3.0/"/>
  </license>
  <src>
    <format>GIMP gradient (ggr)</format>
    <link href="http://code.google.com/p/gps-gimp-paint-studio/"
	  >GPS download page</link>
  </src>
  <distribute>
    <qgis distribute="yes" license="cc3"/>
  </distribute>
</copying>
