<?xml version="1.0" encoding="UTF-8"?>
<!-- autogenerated by colocpt -->
<copying>
  <authors>
    <author href="http://www.colourlovers.com/lover/electroluv/">
      <name>electroluv</name>
    </author>
  </authors>
  <license>
    <informal>
    Creative Commons Attribution-Noncommercial-Share Alike 3.0 Unported
    </informal>
    <year>2009</year>
    <text href="http://creativecommons.org/licenses/by-nc-sa/3.0/"/>
  </license>
  <src>
    <format>Web API</format>
    <link href="http://www.colourlovers.com/api/">Color Lovers</link>
    <link 
       href="http://soliton.vm.bytemark.co.uk/pub/cpt-city/notes/colocpt.pl"
       >Colocpt script</link>
  </src>
  <distribute>
    <qgis license="ccnc" distribute="noncomm"/>
  </distribute>
</copying>
